{"3":[[5.003976192755806,5.612328186905816]],"2":[[0.6036713518221852,0.7054167012011576,0.17089843386211273,-0.1147686844386779,0.3345501164986288,-0.04438648442261742,0.081673779555278],[0.7652407076163265,0.41889319277944764,-0.2787799892390287,0.25987011770791535,0.022728912130878333,0.4162417623544194,-0.07397407664940957]]}